{
    "UC7sKFm2DN0HcHWbSnEjYDsw": {
        "channel_statistics": {
            "viewCount": "17174",
            "subscriberCount": "44",
            "hiddenSubscriberCount": false,
            "videoCount": "44"
        },
        "video_data": {
            "hyyxxPgBLXE": {
                "publishedAt": "2020-09-27T11:03:42Z",
                "title": "Soul Prashanthi Bhajan\ud83c\udf40\u0b86\u0ba4\u0bcd\u0bae \u0baa\u0bbf\u0bb0\u0b9a\u0bbe\u0ba8\u0bcd\u0ba4\u0bbf \u0baa\u0b9c\u0ba9\u0bcd",
                "channelId": "UC7sKFm2DN0HcHWbSnEjYDsw",
                "description": "\ud83c\udf40\ud83d\udc90\ud83d\udc90\ud83d\udc90\ud83d\udc90\ud83c\udf41SAIRAM to all\ud83c\udf41\ud83d\udc90\ud83d\udc90\ud83d\udc90\ud83d\udc90\ud83c\udf40\n       \ud83c\udfa7Use Headphones for Better Sound\ud83c\udfa7 \n                            \u2665Starts with\u2665\n               Ganesh,Guru,Devi,Shiva,Hari,\n                             Sarva Dharma \n               Finally Our Swami SweetVoice\n                 \ud83c\udf39\ud83c\udf40\ud83c\udf3a10 Songs\ud83c\udf3a\ud83c\udf40\ud83c\udf39\n    \ud83c\udf41Samastha Lokha Sukhino Bhavanthu\ud83c\udf41\n\nAnother bhajans are\nMelodious saibhajan\nhttps://youtu.be/VM-eFA6xI2A\nSathyaSai Sarva Dharma songs\nhttps://youtu.be/7lwyl_wh3Zw\nSathyaSai Sarva Dharma songs part 2\nhttps://youtu.be/xlBB3dDqMc0\n\n#bhajan #saibhajan #prashanthibhajan #sathyasai #\u0b9a\u0bbe\u0baf\u0bcd1san",
                "thumbnails": {
                    "default": {
                        "url": "https://i.ytimg.com/vi/hyyxxPgBLXE/default.jpg",
                        "width": 120,
                        "height": 90
                    },
                    "medium": {
                        "url": "https://i.ytimg.com/vi/hyyxxPgBLXE/mqdefault.jpg",
                        "width": 320,
                        "height": 180
                    },
                    "high": {
                        "url": "https://i.ytimg.com/vi/hyyxxPgBLXE/hqdefault.jpg",
                        "width": 480,
                        "height": 360
                    },
                    "standard": {
                        "url": "https://i.ytimg.com/vi/hyyxxPgBLXE/sddefault.jpg",
                        "width": 640,
                        "height": 480
                    }
                },
                "channelTitle": "\u0b9a\u0bbe\u0baf\u0bcd 1 san",
                "tags": [
                    "https://youtube.com/c/bhajanindia",
                    "https://youtube.com/user/tseriesbhakti",
                    "https://youtu.be/f8P4jaY0MdE"
                ],
                "categoryId": "22",
                "liveBroadcastContent": "none",
                "localized": {
                    "title": "Soul Prashanthi Bhajan\ud83c\udf40\u0b86\u0ba4\u0bcd\u0bae \u0baa\u0bbf\u0bb0\u0b9a\u0bbe\u0ba8\u0bcd\u0ba4\u0bbf \u0baa\u0b9c\u0ba9\u0bcd",
                    "description": "\ud83c\udf40\ud83d\udc90\ud83d\udc90\ud83d\udc90\ud83d\udc90\ud83c\udf41SAIRAM to all\ud83c\udf41\ud83d\udc90\ud83d\udc90\ud83d\udc90\ud83d\udc90\ud83c\udf40\n       \ud83c\udfa7Use Headphones for Better Sound\ud83c\udfa7 \n                            \u2665Starts with\u2665\n               Ganesh,Guru,Devi,Shiva,Hari,\n                             Sarva Dharma \n               Finally Our Swami SweetVoice\n                 \ud83c\udf39\ud83c\udf40\ud83c\udf3a10 Songs\ud83c\udf3a\ud83c\udf40\ud83c\udf39\n    \ud83c\udf41Samastha Lokha Sukhino Bhavanthu\ud83c\udf41\n\nAnother bhajans are\nMelodious saibhajan\nhttps://youtu.be/VM-eFA6xI2A\nSathyaSai Sarva Dharma songs\nhttps://youtu.be/7lwyl_wh3Zw\nSathyaSai Sarva Dharma songs part 2\nhttps://youtu.be/xlBB3dDqMc0\n\n#bhajan #saibhajan #prashanthibhajan #sathyasai #\u0b9a\u0bbe\u0baf\u0bcd1san"
                },
                "viewCount": "1560",
                "likeCount": "2",
                "dislikeCount": "0",
                "favoriteCount": "0",
                "commentCount": "1",
                "duration": "PT10M53S",
                "dimension": "2d",
                "definition": "sd",
                "caption": "false",
                "licensedContent": false,
                "contentRating": {},
                "projection": "rectangular",
                "topicCategories": [
                    "https://en.wikipedia.org/wiki/Music",
                    "https://en.wikipedia.org/wiki/Music_of_Asia"
                ]
            },
            "VM-eFA6xI2A": {
                "publishedAt": "2020-04-28T10:42:15Z",
                "title": "Melodious SaiBhajan\ud83c\udf40\u0b95\u0bbe\u0ba4\u0bc1\u0b95\u0bcd\u0b95\u0bbf\u0ba9\u0bbf\u0baf \u0b9a\u0bbe\u0baf\u0bcd\u0baa\u0b9c\u0ba9\u0bcd",
                "channelId": "UC7sKFm2DN0HcHWbSnEjYDsw",
                "description": "\ud83c\udf40\ud83c\udf40\ud83c\udf40\ud83c\udf40\ud83c\udf40\ud83c\udf40SAIRAM to all\ud83c\udf40\ud83c\udf40\ud83c\udf40\ud83c\udf40\ud83c\udf40\ud83c\udf40\n        \ud83c\udfa7Use Headphones for Better Sound\ud83c\udfa7\n                  \ud83d\udc9aShort Sweet SaiBhajan\ud83d\udc9a\n                           \ud83c\udfb6Starts with\ud83c\udfb6                                                             Ganesh,Guru,Amman,\n              Shiva,Krishnan,\n                         SarvaDharma,Anjaneyar \n                                & Divine Voice of Our             Swami in Subramaniyam Song.\n\nAnother bhajans are\nSathyaSai Sarva Dharma songs\nhttps://youtu.be/7lwyl_wh3Zw\nSathyaSai Sarva Dharma songs part 2\nhttps://youtu.be/xlBB3dDqMc0\n\n#bhajan #saibhajan #melodioussai\n#\u0b9a\u0bbe\u0baf\u0bcd1san",
                "thumbnails": {
                    "default": {
                        "url": "https://i.ytimg.com/vi/VM-eFA6xI2A/default.jpg",
                        "width": 120,
                        "height": 90
                    },
                    "medium": {
                        "url": "https://i.ytimg.com/vi/VM-eFA6xI2A/mqdefault.jpg",
                        "width": 320,
                        "height": 180
                    },
                    "high": {
                        "url": "https://i.ytimg.com/vi/VM-eFA6xI2A/hqdefault.jpg",
                        "width": 480,
                        "height": 360
                    },
                    "standard": {
                        "url": "https://i.ytimg.com/vi/VM-eFA6xI2A/sddefault.jpg",
                        "width": 640,
                        "height": 480
                    }
                },
                "channelTitle": "\u0b9a\u0bbe\u0baf\u0bcd 1 san",
                "tags": [
                    "https://youtu.be/mL9tLHDnD4s",
                    "https://youtu.be/ARU2B-CI-1c",
                    "https://youtu.be/kkTq2hi3ufQ",
                    "https://youtu.be/jnYBP_HGGJQ",
                    "https://youtube.com/playlist?list=PLQ7FOr4M_Claf7wQM1BREsJIT6jR9ImNK",
                    "https://youtu.be/f8P4jaY0MdE"
                ],
                "categoryId": "22",
                "liveBroadcastContent": "none",
                "localized": {
                    "title": "Melodious SaiBhajan\ud83c\udf40\u0b95\u0bbe\u0ba4\u0bc1\u0b95\u0bcd\u0b95\u0bbf\u0ba9\u0bbf\u0baf \u0b9a\u0bbe\u0baf\u0bcd\u0baa\u0b9c\u0ba9\u0bcd",
                    "description": "\ud83c\udf40\ud83c\udf40\ud83c\udf40\ud83c\udf40\ud83c\udf40\ud83c\udf40SAIRAM to all\ud83c\udf40\ud83c\udf40\ud83c\udf40\ud83c\udf40\ud83c\udf40\ud83c\udf40\n        \ud83c\udfa7Use Headphones for Better Sound\ud83c\udfa7\n                  \ud83d\udc9aShort Sweet SaiBhajan\ud83d\udc9a\n                           \ud83c\udfb6Starts with\ud83c\udfb6                                                             Ganesh,Guru,Amman,\n              Shiva,Krishnan,\n                         SarvaDharma,Anjaneyar \n                                & Divine Voice of Our             Swami in Subramaniyam Song.\n\nAnother bhajans are\nSathyaSai Sarva Dharma songs\nhttps://youtu.be/7lwyl_wh3Zw\nSathyaSai Sarva Dharma songs part 2\nhttps://youtu.be/xlBB3dDqMc0\n\n#bhajan #saibhajan #melodioussai\n#\u0b9a\u0bbe\u0baf\u0bcd1san"
                },
                "viewCount": "1548",
                "likeCount": "2",
                "dislikeCount": "0",
                "favoriteCount": "0",
                "commentCount": "2",
                "duration": "PT11M13S",
                "dimension": "2d",
                "definition": "hd",
                "caption": "false",
                "licensedContent": false,
                "contentRating": {},
                "projection": "rectangular",
                "topicCategories": [
                    "https://en.wikipedia.org/wiki/Music",
                    "https://en.wikipedia.org/wiki/Music_of_Asia"
                ]
            },
            "xlBB3dDqMc0": {
                "publishedAt": "2020-03-28T14:33:25Z",
                "title": "SarvaDharma Songs part 2\ud83c\udf3a\u0b9a\u0bb0\u0bcd\u0bb5 \u0ba4\u0bb0\u0bcd\u0bae \u0baa\u0bbe\u0b9f\u0bb2\u0bcd \u0baa\u0bbe\u0b95\u0bae\u0bcd 2",
                "channelId": "UC7sKFm2DN0HcHWbSnEjYDsw",
                "description": "\ud83c\udf40\ud83c\udf3a\ud83d\udc90\ud83c\udf41SAIRAM to all\ud83c\udf41\ud83d\udc90\ud83c\udf3a\ud83c\udf40\n       \ud83c\udfa7Use Headphones for Better Sound\ud83c\udfa7 \n1.Pranam Swee Kar Karo SaiMahadeva\n2.Alla Bhajo Maula Bhajo\n3.Buddha Mahaver Yeshu Sai\n4.Beda Par Karo Mere Sai\n5.Allah Eshwar Ek Ki Nam\n6.Allah Sai Maula Sai\n7.Guru Nanak Ji Ki Jai Kai Kar\n8.Sai Nam Bolo SathyaSai\n        \u2764Samastha Lokha Sukhino Bhavanthu\u2764\n\nAnother bhajans are\nSathyaSai Sarva Dharma songs\nhttps://youtu.be/7lwyl_wh3Zw\n\n#bhajan #sarvadharmasongs\n #saibhajan #\u0b9a\u0bbe\u0baf\u0bcd1san",
                "thumbnails": {
                    "default": {
                        "url": "https://i.ytimg.com/vi/xlBB3dDqMc0/default.jpg",
                        "width": 120,
                        "height": 90
                    },
                    "medium": {
                        "url": "https://i.ytimg.com/vi/xlBB3dDqMc0/mqdefault.jpg",
                        "width": 320,
                        "height": 180
                    },
                    "high": {
                        "url": "https://i.ytimg.com/vi/xlBB3dDqMc0/hqdefault.jpg",
                        "width": 480,
                        "height": 360
                    },
                    "standard": {
                        "url": "https://i.ytimg.com/vi/xlBB3dDqMc0/sddefault.jpg",
                        "width": 640,
                        "height": 480
                    }
                },
                "channelTitle": "\u0b9a\u0bbe\u0baf\u0bcd 1 san",
                "tags": [
                    "https://youtu.be/m56lymivubU",
                    "https://youtu.be/tIgtJ74N9eA",
                    "https://youtu.be/uphl0oSlXgk",
                    "https://youtu.be/qefkO04zrsU",
                    "https://www.youtube.com/playlist?list=PLE8MiMTiOvbte9686u_SW0swJYfa_rz4G",
                    "https://www.youtube.com/playlist?list=RDm56lymivubU&feature=share&playnext=1",
                    "https://youtu.be/IF41jlS03V4",
                    "https://youtu.be/INU_-p57zGQ"
                ],
                "categoryId": "22",
                "liveBroadcastContent": "none",
                "localized": {
                    "title": "SarvaDharma Songs part 2\ud83c\udf3a\u0b9a\u0bb0\u0bcd\u0bb5 \u0ba4\u0bb0\u0bcd\u0bae \u0baa\u0bbe\u0b9f\u0bb2\u0bcd \u0baa\u0bbe\u0b95\u0bae\u0bcd 2",
                    "description": "\ud83c\udf40\ud83c\udf3a\ud83d\udc90\ud83c\udf41SAIRAM to all\ud83c\udf41\ud83d\udc90\ud83c\udf3a\ud83c\udf40\n       \ud83c\udfa7Use Headphones for Better Sound\ud83c\udfa7 \n1.Pranam Swee Kar Karo SaiMahadeva\n2.Alla Bhajo Maula Bhajo\n3.Buddha Mahaver Yeshu Sai\n4.Beda Par Karo Mere Sai\n5.Allah Eshwar Ek Ki Nam\n6.Allah Sai Maula Sai\n7.Guru Nanak Ji Ki Jai Kai Kar\n8.Sai Nam Bolo SathyaSai\n        \u2764Samastha Lokha Sukhino Bhavanthu\u2764\n\nAnother bhajans are\nSathyaSai Sarva Dharma songs\nhttps://youtu.be/7lwyl_wh3Zw\n\n#bhajan #sarvadharmasongs\n #saibhajan #\u0b9a\u0bbe\u0baf\u0bcd1san"
                },
                "viewCount": "1197",
                "likeCount": "4",
                "dislikeCount": "1",
                "favoriteCount": "0",
                "commentCount": "1",
                "duration": "PT34M52S",
                "dimension": "2d",
                "definition": "hd",
                "caption": "false",
                "licensedContent": false,
                "contentRating": {},
                "projection": "rectangular",
                "topicCategories": [
                    "https://en.wikipedia.org/wiki/Music",
                    "https://en.wikipedia.org/wiki/Music_of_Asia"
                ]
            },
            "7lwyl_wh3Zw": {
                "publishedAt": "2020-03-24T15:43:20Z",
                "title": "SarvaDharma Songs\ud83c\udf3a \u0b9a\u0bb0\u0bcd\u0bb5 \u0ba4\u0bb0\u0bcd\u0bae \u0baa\u0bbe\u0b9f\u0bb2\u0bcd",
                "channelId": "UC7sKFm2DN0HcHWbSnEjYDsw",
                "description": "\ud83c\udf40\ud83c\udf3a\ud83d\udc90\ud83c\udf41SAIRAM to all\ud83c\udf41\ud83d\udc90\ud83c\udf3a\ud83c\udf40\n       \ud83c\udfa7Use Headphones for Better Sound\ud83c\udfa7 \n1.Allah Allah Karo Pukar\n2.Sarva Dharma Priya Deva\n3.Eshwar Allah Tera Nam Sai Tere Nam\n4.Bhuvana Bandhava Sai Bhagawan\n5.Par Karo Uddhar Karo Prabhu\n6.Shiradi Sai Dwara Kamayi Prasanthi Vasi Sairam\n7.Allah Tum Eshwar Bhi Tum\n8.Rahiman Rahinan Ram Rahim\n9.Hey Nirakari Allah \n        \ud83d\udc9aSamastha Lokha Sukhino\ud83d\udc9a Bhawanthu\n\n#bhajan #sarvadharmasongs\n #saibhajan #\u0b9a\u0bbe\u0baf\u0bcd1san",
                "thumbnails": {
                    "default": {
                        "url": "https://i.ytimg.com/vi/7lwyl_wh3Zw/default.jpg",
                        "width": 120,
                        "height": 90
                    },
                    "medium": {
                        "url": "https://i.ytimg.com/vi/7lwyl_wh3Zw/mqdefault.jpg",
                        "width": 320,
                        "height": 180
                    },
                    "high": {
                        "url": "https://i.ytimg.com/vi/7lwyl_wh3Zw/hqdefault.jpg",
                        "width": 480,
                        "height": 360
                    },
                    "standard": {
                        "url": "https://i.ytimg.com/vi/7lwyl_wh3Zw/sddefault.jpg",
                        "width": 640,
                        "height": 480
                    }
                },
                "channelTitle": "\u0b9a\u0bbe\u0baf\u0bcd 1 san",
                "tags": [
                    "https://youtu.be/m56lymivubU",
                    "https://youtu.be/tIgtJ74N9eA",
                    "https://youtu.be/uphl0oSlXgk",
                    "https://youtu.be/qefkO04zrsU",
                    "https://www.youtube.com/playlist?list=PLE8MiMTiOvbte9686u_SW0swJYfa_rz4G",
                    "https://www.youtube.com/playlist?list=RDm56lymivubU&feature=share&playnext=1",
                    "https://youtu.be/IF41jlS03V4",
                    "https://youtu.be/INU_-p57zGQ"
                ],
                "categoryId": "22",
                "liveBroadcastContent": "none",
                "localized": {
                    "title": "SarvaDharma Songs\ud83c\udf3a \u0b9a\u0bb0\u0bcd\u0bb5 \u0ba4\u0bb0\u0bcd\u0bae \u0baa\u0bbe\u0b9f\u0bb2\u0bcd",
                    "description": "\ud83c\udf40\ud83c\udf3a\ud83d\udc90\ud83c\udf41SAIRAM to all\ud83c\udf41\ud83d\udc90\ud83c\udf3a\ud83c\udf40\n       \ud83c\udfa7Use Headphones for Better Sound\ud83c\udfa7 \n1.Allah Allah Karo Pukar\n2.Sarva Dharma Priya Deva\n3.Eshwar Allah Tera Nam Sai Tere Nam\n4.Bhuvana Bandhava Sai Bhagawan\n5.Par Karo Uddhar Karo Prabhu\n6.Shiradi Sai Dwara Kamayi Prasanthi Vasi Sairam\n7.Allah Tum Eshwar Bhi Tum\n8.Rahiman Rahinan Ram Rahim\n9.Hey Nirakari Allah \n        \ud83d\udc9aSamastha Lokha Sukhino\ud83d\udc9a Bhawanthu\n\n#bhajan #sarvadharmasongs\n #saibhajan #\u0b9a\u0bbe\u0baf\u0bcd1san"
                },
                "viewCount": "1173",
                "likeCount": "3",
                "dislikeCount": "0",
                "favoriteCount": "0",
                "commentCount": "1",
                "duration": "PT32M48S",
                "dimension": "2d",
                "definition": "hd",
                "caption": "false",
                "licensedContent": false,
                "contentRating": {},
                "projection": "rectangular",
                "topicCategories": [
                    "https://en.wikipedia.org/wiki/Music",
                    "https://en.wikipedia.org/wiki/Music_of_Asia"
                ]
            },
            "my-xKN7EZ7U": {
                "publishedAt": "2020-02-18T11:32:36Z",
                "title": "Nine Code of Conduct\ud83c\udf34\u0b92\u0ba9\u0bcd\u0baa\u0ba4\u0bc1 \u0b95\u0b9f\u0bcd\u0b9f\u0bb3\u0bc8\u0b95\u0bb3\u0bcd",
                "channelId": "UC7sKFm2DN0HcHWbSnEjYDsw",
                "description": "\ud83c\udf40\ud83c\udf3a\ud83c\udf41SAIRAM to all\ud83c\udf41\ud83c\udf3a\ud83c\udf40\n       \ud83c\udfa7Use Headphones for Better Sound\ud83c\udfa7 \n             \ud83c\udf42Get Our SaiMother Closser\ud83c\udf42\n                  \ud83c\udf1fNine code of conduct\ud83c\udf1f\n                  \u2b50\u0b92\u0ba9\u0bcd\u0baa\u0ba4\u0bc1 \u0b95\u0b9f\u0bcd\u0b9f\u0bb3\u0bc8\u0b95\u0bb3\u0bcd\u2b50\n#9codeofconduct #\u0b9a\u0bbe\u0baf\u0bcd1san",
                "thumbnails": {
                    "default": {
                        "url": "https://i.ytimg.com/vi/my-xKN7EZ7U/default.jpg",
                        "width": 120,
                        "height": 90
                    },
                    "medium": {
                        "url": "https://i.ytimg.com/vi/my-xKN7EZ7U/mqdefault.jpg",
                        "width": 320,
                        "height": 180
                    },
                    "high": {
                        "url": "https://i.ytimg.com/vi/my-xKN7EZ7U/hqdefault.jpg",
                        "width": 480,
                        "height": 360
                    },
                    "standard": {
                        "url": "https://i.ytimg.com/vi/my-xKN7EZ7U/sddefault.jpg",
                        "width": 640,
                        "height": 480
                    }
                },
                "channelTitle": "\u0b9a\u0bbe\u0baf\u0bcd 1 san",
                "tags": [
                    "https://youtu.be/jqxuhM3Rs1Y"
                ],
                "categoryId": "22",
                "liveBroadcastContent": "none",
                "localized": {
                    "title": "Nine Code of Conduct\ud83c\udf34\u0b92\u0ba9\u0bcd\u0baa\u0ba4\u0bc1 \u0b95\u0b9f\u0bcd\u0b9f\u0bb3\u0bc8\u0b95\u0bb3\u0bcd",
                    "description": "\ud83c\udf40\ud83c\udf3a\ud83c\udf41SAIRAM to all\ud83c\udf41\ud83c\udf3a\ud83c\udf40\n       \ud83c\udfa7Use Headphones for Better Sound\ud83c\udfa7 \n             \ud83c\udf42Get Our SaiMother Closser\ud83c\udf42\n                  \ud83c\udf1fNine code of conduct\ud83c\udf1f\n                  \u2b50\u0b92\u0ba9\u0bcd\u0baa\u0ba4\u0bc1 \u0b95\u0b9f\u0bcd\u0b9f\u0bb3\u0bc8\u0b95\u0bb3\u0bcd\u2b50\n#9codeofconduct #\u0b9a\u0bbe\u0baf\u0bcd1san"
                },
                "viewCount": "1299",
                "likeCount": "4",
                "dislikeCount": "0",
                "favoriteCount": "0",
                "commentCount": "1",
                "duration": "PT2M44S",
                "dimension": "2d",
                "definition": "hd",
                "caption": "false",
                "licensedContent": false,
                "contentRating": {},
                "projection": "rectangular",
                "topicCategories": [
                    "https://en.wikipedia.org/wiki/Music_of_Asia",
                    "https://en.wikipedia.org/wiki/Society"
                ]
            },
            "qFXsL0ig67M": {
                "publishedAt": "2020-02-11T08:32:57Z",
                "title": "Experience of BalVikas Students & Parents\ud83c\udf34",
                "channelId": "UC7sKFm2DN0HcHWbSnEjYDsw",
                "description": "\ud83c\udf40\ud83c\udf41\ud83c\udf40\ud83c\udf41\ud83c\udf40SAIRAM to all\ud83c\udf40\ud83c\udf41\ud83c\udf40\ud83c\udf41\ud83c\udf40\n       \ud83c\udfa7Use Headphones for Better Sound\ud83c\udfa7 \nCuddalore District Koothapakkam SaiSamithi proudly presents ,BalVikas classes on how they transformed towards spirtual path & discipline. Values of BV classes speaks by BV students & parents.Distributing certificates to group 3&2 BV students,followed by short sweet bhajan by BV Students Alumini and conclude by mangala arathi of BV parent.This is divinly blessed by our sweet swami with guidance of BV Guru ShanthiVenkadeshwaran.\n  \ud83d\udc97Samastha Lokha Sukhino Bhavanthu\ud83d\udc97\n\n#saisamithi #\u0b9a\u0bbe\u0baf\u0bcd1san",
                "thumbnails": {
                    "default": {
                        "url": "https://i.ytimg.com/vi/qFXsL0ig67M/default.jpg",
                        "width": 120,
                        "height": 90
                    },
                    "medium": {
                        "url": "https://i.ytimg.com/vi/qFXsL0ig67M/mqdefault.jpg",
                        "width": 320,
                        "height": 180
                    },
                    "high": {
                        "url": "https://i.ytimg.com/vi/qFXsL0ig67M/hqdefault.jpg",
                        "width": 480,
                        "height": 360
                    },
                    "standard": {
                        "url": "https://i.ytimg.com/vi/qFXsL0ig67M/sddefault.jpg",
                        "width": 640,
                        "height": 480
                    }
                },
                "channelTitle": "\u0b9a\u0bbe\u0baf\u0bcd 1 san",
                "tags": [
                    "https://www.youtube.com/c/StudentsOfSaiOfficial",
                    "https://www.youtube.com/channel/UCNQncAVCGX9O3sJA_QPdA3g",
                    "https://youtu.be/SCAOKQIuQRQ",
                    "https://youtu.be/K4FgI87iXE4",
                    "https://youtu.be/osw2bVyRmGk"
                ],
                "categoryId": "22",
                "liveBroadcastContent": "none",
                "localized": {
                    "title": "Experience of BalVikas Students & Parents\ud83c\udf34",
                    "description": "\ud83c\udf40\ud83c\udf41\ud83c\udf40\ud83c\udf41\ud83c\udf40SAIRAM to all\ud83c\udf40\ud83c\udf41\ud83c\udf40\ud83c\udf41\ud83c\udf40\n       \ud83c\udfa7Use Headphones for Better Sound\ud83c\udfa7 \nCuddalore District Koothapakkam SaiSamithi proudly presents ,BalVikas classes on how they transformed towards spirtual path & discipline. Values of BV classes speaks by BV students & parents.Distributing certificates to group 3&2 BV students,followed by short sweet bhajan by BV Students Alumini and conclude by mangala arathi of BV parent.This is divinly blessed by our sweet swami with guidance of BV Guru ShanthiVenkadeshwaran.\n  \ud83d\udc97Samastha Lokha Sukhino Bhavanthu\ud83d\udc97\n\n#saisamithi #\u0b9a\u0bbe\u0baf\u0bcd1san"
                },
                "duration": "PT26M23S",
                "dimension": "2d",
                "definition": "hd",
                "caption": "false",
                "licensedContent": false,
                "contentRating": {},
                "projection": "rectangular",
                "topicCategories": [
                    "https://en.wikipedia.org/wiki/Music_of_Asia",
                    "https://en.wikipedia.org/wiki/Religion",
                    "https://en.wikipedia.org/wiki/Society"
                ]
            },
            "Z-DIAR-5eeQ": {
                "publishedAt": "2020-01-02T04:23:04Z",
                "title": "Sai Newyear 2020",
                "channelId": "UC7sKFm2DN0HcHWbSnEjYDsw",
                "description": "\ud83c\udf40\ud83d\udc90\ud83c\udf40\ud83c\udf3a\ud83c\udf40SAIRAM to all\ud83c\udf40\ud83c\udf3a\ud83c\udf40l\ud83d\udc90\ud83c\udf40\n       \ud83c\udfa7Use Headphones for Better Sound\ud83c\udfa7 \nOur Sai Mother talk about NagaraSangeerthanam\n\ud83d\udc97Samastha Lokha Sukhino Bhavanthu\ud83d\udc97\n\n#sainewyear #\u0b9a\u0bbe\u0baf\u0bcd1san #sathyasai",
                "thumbnails": {
                    "default": {
                        "url": "https://i.ytimg.com/vi/Z-DIAR-5eeQ/default.jpg",
                        "width": 120,
                        "height": 90
                    },
                    "medium": {
                        "url": "https://i.ytimg.com/vi/Z-DIAR-5eeQ/mqdefault.jpg",
                        "width": 320,
                        "height": 180
                    },
                    "high": {
                        "url": "https://i.ytimg.com/vi/Z-DIAR-5eeQ/hqdefault.jpg",
                        "width": 480,
                        "height": 360
                    },
                    "standard": {
                        "url": "https://i.ytimg.com/vi/Z-DIAR-5eeQ/sddefault.jpg",
                        "width": 640,
                        "height": 480
                    }
                },
                "channelTitle": "\u0b9a\u0bbe\u0baf\u0bcd 1 san",
                "categoryId": "22",
                "liveBroadcastContent": "none",
                "localized": {
                    "title": "Sai Newyear 2020",
                    "description": "\ud83c\udf40\ud83d\udc90\ud83c\udf40\ud83c\udf3a\ud83c\udf40SAIRAM to all\ud83c\udf40\ud83c\udf3a\ud83c\udf40l\ud83d\udc90\ud83c\udf40\n       \ud83c\udfa7Use Headphones for Better Sound\ud83c\udfa7 \nOur Sai Mother talk about NagaraSangeerthanam\n\ud83d\udc97Samastha Lokha Sukhino Bhavanthu\ud83d\udc97\n\n#sainewyear #\u0b9a\u0bbe\u0baf\u0bcd1san #sathyasai"
                },
                "viewCount": "444",
                "likeCount": "2",
                "dislikeCount": "0",
                "favoriteCount": "0",
                "commentCount": "1",
                "duration": "PT3M42S",
                "dimension": "2d",
                "definition": "hd",
                "caption": "false",
                "licensedContent": false,
                "contentRating": {},
                "projection": "rectangular",
                "topicCategories": [
                    "https://en.wikipedia.org/wiki/Music_of_Asia",
                    "https://en.wikipedia.org/wiki/Society"
                ]
            },
            "55OdK6ai-eI": {
                "publishedAt": "2019-11-24T19:21:21Z",
                "title": "94th Birthday Celebrations of KaliYuga Avatar Sri SathyaSaiBaba",
                "viewCount": "504",
                "likeCount": "5",
                "dislikeCount": "0",
                "favoriteCount": "0",
                "commentCount": "1",
                "duration": "PT19M",
                "dimension": "2d",
                "definition": "hd",
                "caption": "false",
                "licensedContent": false,
                "contentRating": {},
                "projection": "rectangular",
                "topicCategories": [
                    "https://en.wikipedia.org/wiki/Music_of_Asia",
                    "https://en.wikipedia.org/wiki/Religion"
                ]
            },
            "72txeCyDJuk": {
                "publishedAt": "2019-11-10T16:36:56Z",
                "title": "SaiGlobal Aganda bhajan",
                "duration": "PT9M41S",
                "dimension": "2d",
                "definition": "hd",
                "caption": "false",
                "licensedContent": false,
                "contentRating": {},
                "projection": "rectangular",
                "topicCategories": [
                    "https://en.wikipedia.org/wiki/Music",
                    "https://en.wikipedia.org/wiki/Music_of_Asia",
                    "https://en.wikipedia.org/wiki/Religion"
                ]
            },
            "upFU-pLSWOA": {
                "publishedAt": "2019-10-31T15:53:42Z",
                "title": "SaiSruthi Kodaikanal Images",
                "channelId": "UC7sKFm2DN0HcHWbSnEjYDsw",
                "description": "SaiCuddalore District August\nUse headphones for better experience of music & images\n\n#saisruthi #kodaikanal #saimusic #saiimages #\u0b9a\u0bbe\u0baf\u0bcd1san",
                "thumbnails": {
                    "default": {
                        "url": "https://i.ytimg.com/vi/upFU-pLSWOA/default.jpg",
                        "width": 120,
                        "height": 90
                    },
                    "medium": {
                        "url": "https://i.ytimg.com/vi/upFU-pLSWOA/mqdefault.jpg",
                        "width": 320,
                        "height": 180
                    },
                    "high": {
                        "url": "https://i.ytimg.com/vi/upFU-pLSWOA/hqdefault.jpg",
                        "width": 480,
                        "height": 360
                    },
                    "standard": {
                        "url": "https://i.ytimg.com/vi/upFU-pLSWOA/sddefault.jpg",
                        "width": 640,
                        "height": 480
                    },
                    "maxres": {
                        "url": "https://i.ytimg.com/vi/upFU-pLSWOA/maxresdefault.jpg",
                        "width": 1280,
                        "height": 720
                    }
                },
                "channelTitle": "\u0b9a\u0bbe\u0baf\u0bcd 1 san",
                "categoryId": "22",
                "liveBroadcastContent": "none",
                "localized": {
                    "title": "SaiSruthi Kodaikanal Images",
                    "description": "SaiCuddalore District August\nUse headphones for better experience of music & images\n\n#saisruthi #kodaikanal #saimusic #saiimages #\u0b9a\u0bbe\u0baf\u0bcd1san"
                },
                "viewCount": "800",
                "likeCount": "16",
                "dislikeCount": "0",
                "favoriteCount": "0",
                "commentCount": "1",
                "duration": "PT7M10S",
                "dimension": "2d",
                "definition": "hd",
                "caption": "false",
                "licensedContent": false,
                "contentRating": {},
                "projection": "rectangular",
                "topicCategories": [
                    "https://en.wikipedia.org/wiki/Lifestyle_(sociology)"
                ]
            },
            "MWZYNNLbIIw": {
                "publishedAt": "2019-10-09T07:58:02Z",
                "title": "Sai Navarathiri Celebrations",
                "channelId": "UC7sKFm2DN0HcHWbSnEjYDsw",
                "description": "Cuddalore district saisamithi's\nUse Headphones for good sound of music & visuals\n\n#sainavarathiri #cuddaloredistrict\n#saisamithi's #\u0b9a\u0bbe\u0baf\u0bcd1san",
                "thumbnails": {
                    "default": {
                        "url": "https://i.ytimg.com/vi/MWZYNNLbIIw/default.jpg",
                        "width": 120,
                        "height": 90
                    },
                    "medium": {
                        "url": "https://i.ytimg.com/vi/MWZYNNLbIIw/mqdefault.jpg",
                        "width": 320,
                        "height": 180
                    },
                    "high": {
                        "url": "https://i.ytimg.com/vi/MWZYNNLbIIw/hqdefault.jpg",
                        "width": 480,
                        "height": 360
                    },
                    "standard": {
                        "url": "https://i.ytimg.com/vi/MWZYNNLbIIw/sddefault.jpg",
                        "width": 640,
                        "height": 480
                    },
                    "maxres": {
                        "url": "https://i.ytimg.com/vi/MWZYNNLbIIw/maxresdefault.jpg",
                        "width": 1280,
                        "height": 720
                    }
                },
                "channelTitle": "\u0b9a\u0bbe\u0baf\u0bcd 1 san",
                "tags": [
                    "https://youtu.be/r5qUDs8hdOU",
                    "https://youtu.be/4L6FBhYvT70",
                    "https://youtu.be/yp2tV6VSft4",
                    "https://youtu.be/M9vFH1hkrDw",
                    "https://youtu.be/dtViV9n36rY"
                ],
                "categoryId": "22",
                "liveBroadcastContent": "none",
                "localized": {
                    "title": "Sai Navarathiri Celebrations",
                    "description": "Cuddalore district saisamithi's\nUse Headphones for good sound of music & visuals\n\n#sainavarathiri #cuddaloredistrict\n#saisamithi's #\u0b9a\u0bbe\u0baf\u0bcd1san"
                },
                "viewCount": "336",
                "likeCount": "2",
                "dislikeCount": "0",
                "favoriteCount": "0",
                "commentCount": "1",
                "duration": "PT11M1S",
                "dimension": "2d",
                "definition": "hd",
                "caption": "false",
                "licensedContent": false,
                "contentRating": {},
                "projection": "rectangular",
                "topicCategories": [
                    "https://en.wikipedia.org/wiki/Music_of_Asia",
                    "https://en.wikipedia.org/wiki/Society"
                ]
            },
            "UULtMEQg5EQ": {
                "publishedAt": "2019-10-08T16:02:58Z",
                "title": "ShiradiSai Aradhana Day",
                "channelId": "UC7sKFm2DN0HcHWbSnEjYDsw",
                "description": "On this ocassion of ShiradiSai Aradhana day Koothapakkam SaiSamithi members attend the bhajan at Balavikas Guru CSV house\n\n#shiradisai #aradhanaday #\u0b9a\u0bbe\u0baf\u0bcd1san",
                "thumbnails": {
                    "default": {
                        "url": "https://i.ytimg.com/vi/UULtMEQg5EQ/default.jpg",
                        "width": 120,
                        "height": 90
                    },
                    "medium": {
                        "url": "https://i.ytimg.com/vi/UULtMEQg5EQ/mqdefault.jpg",
                        "width": 320,
                        "height": 180
                    },
                    "high": {
                        "url": "https://i.ytimg.com/vi/UULtMEQg5EQ/hqdefault.jpg",
                        "width": 480,
                        "height": 360
                    },
                    "standard": {
                        "url": "https://i.ytimg.com/vi/UULtMEQg5EQ/sddefault.jpg",
                        "width": 640,
                        "height": 480
                    }
                },
                "channelTitle": "\u0b9a\u0bbe\u0baf\u0bcd 1 san",
                "tags": [
                    "https://youtu.be/N0AS-dzrBfc",
                    "https://youtu.be/7e9yfYi1ECw",
                    "https://youtu.be/ENmxP_2wduw"
                ],
                "categoryId": "22",
                "liveBroadcastContent": "none",
                "localized": {
                    "title": "ShiradiSai Aradhana Day",
                    "description": "On this ocassion of ShiradiSai Aradhana day Koothapakkam SaiSamithi members attend the bhajan at Balavikas Guru CSV house\n\n#shiradisai #aradhanaday #\u0b9a\u0bbe\u0baf\u0bcd1san"
                },
                "viewCount": "353",
                "likeCount": "8",
                "dislikeCount": "0",
                "favoriteCount": "0",
                "commentCount": "1",
                "duration": "PT12M37S",
                "dimension": "2d",
                "definition": "hd",
                "caption": "false",
                "licensedContent": false,
                "contentRating": {},
                "projection": "rectangular",
                "topicCategories": [
                    "https://en.wikipedia.org/wiki/Music",
                    "https://en.wikipedia.org/wiki/Music_of_Asia",
                    "https://en.wikipedia.org/wiki/Religion"
                ]
            },
            "g8XIXu8TX7M": {
                "publishedAt": "2019-08-05T07:07:25Z",
                "title": "Murugan\ud83c\udf42Song",
                "viewCount": "226",
                "likeCount": "2",
                "dislikeCount": "0",
                "favoriteCount": "0",
                "commentCount": "1",
                "duration": "PT5M17S",
                "dimension": "2d",
                "definition": "hd",
                "caption": "false",
                "licensedContent": false,
                "contentRating": {},
                "projection": "rectangular",
                "topicCategories": [
                    "https://en.wikipedia.org/wiki/Music",
                    "https://en.wikipedia.org/wiki/Music_of_Asia"
                ]
            },
            "xrIvlNKdVp0": {
                "publishedAt": "2019-08-05T06:58:58Z",
                "title": "Sai sruthi song 8",
                "channelId": "UC7sKFm2DN0HcHWbSnEjYDsw",
                "description": "Sai cuddalore district balavikas students singing\n#bhajan #saibhajan #\u0b9a\u0bbe\u0baf\u0bcd1san",
                "thumbnails": {
                    "default": {
                        "url": "https://i.ytimg.com/vi/xrIvlNKdVp0/default.jpg",
                        "width": 120,
                        "height": 90
                    },
                    "medium": {
                        "url": "https://i.ytimg.com/vi/xrIvlNKdVp0/mqdefault.jpg",
                        "width": 320,
                        "height": 180
                    },
                    "high": {
                        "url": "https://i.ytimg.com/vi/xrIvlNKdVp0/hqdefault.jpg",
                        "width": 480,
                        "height": 360
                    },
                    "standard": {
                        "url": "https://i.ytimg.com/vi/xrIvlNKdVp0/sddefault.jpg",
                        "width": 640,
                        "height": 480
                    },
                    "maxres": {
                        "url": "https://i.ytimg.com/vi/xrIvlNKdVp0/maxresdefault.jpg",
                        "width": 1280,
                        "height": 720
                    }
                },
                "channelTitle": "\u0b9a\u0bbe\u0baf\u0bcd 1 san",
                "categoryId": "22",
                "liveBroadcastContent": "none",
                "localized": {
                    "title": "Sai sruthi song 8",
                    "description": "Sai cuddalore district balavikas students singing\n#bhajan #saibhajan #\u0b9a\u0bbe\u0baf\u0bcd1san"
                },
                "viewCount": "144",
                "likeCount": "4",
                "dislikeCount": "1",
                "favoriteCount": "0",
                "commentCount": "1",
                "duration": "PT2M8S",
                "dimension": "2d",
                "definition": "hd",
                "caption": "false",
                "licensedContent": false,
                "contentRating": {},
                "projection": "rectangular"
            },
            "AnBiXK1Kibw": {
                "publishedAt": "2019-08-05T06:53:34Z",
                "title": "Sai sruthi song 7",
                "channelId": "UC7sKFm2DN0HcHWbSnEjYDsw",
                "description": "Sai cuddalore district balavikas students singing\n#bhajan #saibhajan #\u0b9a\u0bbe\u0baf\u0bcd1san",
                "thumbnails": {
                    "default": {
                        "url": "https://i.ytimg.com/vi/AnBiXK1Kibw/default.jpg",
                        "width": 120,
                        "height": 90
                    },
                    "medium": {
                        "url": "https://i.ytimg.com/vi/AnBiXK1Kibw/mqdefault.jpg",
                        "width": 320,
                        "height": 180
                    },
                    "high": {
                        "url": "https://i.ytimg.com/vi/AnBiXK1Kibw/hqdefault.jpg",
                        "width": 480,
                        "height": 360
                    },
                    "standard": {
                        "url": "https://i.ytimg.com/vi/AnBiXK1Kibw/sddefault.jpg",
                        "width": 640,
                        "height": 480
                    },
                    "maxres": {
                        "url": "https://i.ytimg.com/vi/AnBiXK1Kibw/maxresdefault.jpg",
                        "width": 1280,
                        "height": 720
                    }
                },
                "channelTitle": "\u0b9a\u0bbe\u0baf\u0bcd 1 san",
                "categoryId": "22",
                "liveBroadcastContent": "none",
                "localized": {
                    "title": "Sai sruthi song 7",
                    "description": "Sai cuddalore district balavikas students singing\n#bhajan #saibhajan #\u0b9a\u0bbe\u0baf\u0bcd1san"
                },
                "viewCount": "136",
                "likeCount": "2",
                "dislikeCount": "0",
                "favoriteCount": "0",
                "commentCount": "1",
                "duration": "PT5M20S",
                "dimension": "2d",
                "definition": "hd",
                "caption": "false",
                "licensedContent": false,
                "contentRating": {},
                "projection": "rectangular",
                "topicCategories": [
                    "https://en.wikipedia.org/wiki/Music",
                    "https://en.wikipedia.org/wiki/Music_of_Asia"
                ]
            },
            "S7aEkMz-URo": {
                "publishedAt": "2019-08-05T06:05:16Z",
                "title": "Sai sruthi song 6",
                "channelId": "UC7sKFm2DN0HcHWbSnEjYDsw",
                "description": "Sai cuddalore district balavikas students singing\n#bhajan #saibhajan #\u0b9a\u0bbe\u0baf\u0bcd1san",
                "thumbnails": {
                    "default": {
                        "url": "https://i.ytimg.com/vi/S7aEkMz-URo/default.jpg",
                        "width": 120,
                        "height": 90
                    },
                    "medium": {
                        "url": "https://i.ytimg.com/vi/S7aEkMz-URo/mqdefault.jpg",
                        "width": 320,
                        "height": 180
                    },
                    "high": {
                        "url": "https://i.ytimg.com/vi/S7aEkMz-URo/hqdefault.jpg",
                        "width": 480,
                        "height": 360
                    },
                    "standard": {
                        "url": "https://i.ytimg.com/vi/S7aEkMz-URo/sddefault.jpg",
                        "width": 640,
                        "height": 480
                    },
                    "maxres": {
                        "url": "https://i.ytimg.com/vi/S7aEkMz-URo/maxresdefault.jpg",
                        "width": 1280,
                        "height": 720
                    }
                },
                "channelTitle": "\u0b9a\u0bbe\u0baf\u0bcd 1 san",
                "categoryId": "22",
                "liveBroadcastContent": "none",
                "localized": {
                    "title": "Sai sruthi song 6",
                    "description": "Sai cuddalore district balavikas students singing\n#bhajan #saibhajan #\u0b9a\u0bbe\u0baf\u0bcd1san"
                },
                "viewCount": "122",
                "likeCount": "3",
                "dislikeCount": "0",
                "favoriteCount": "0",
                "commentCount": "1",
                "duration": "PT4M34S",
                "dimension": "2d",
                "definition": "hd",
                "caption": "false",
                "licensedContent": false,
                "contentRating": {},
                "projection": "rectangular",
                "topicCategories": [
                    "https://en.wikipedia.org/wiki/Music",
                    "https://en.wikipedia.org/wiki/Music_of_Asia"
                ]
            },
            "8jnVnW88tDE": {
                "publishedAt": "2019-08-05T05:56:24Z",
                "title": "Sai sruthi song 5",
                "channelId": "UC7sKFm2DN0HcHWbSnEjYDsw",
                "description": "Sai cuddalore district balavikas students singing\n#bhajan #saibhajan #\u0b9a\u0bbe\u0baf\u0bcd1san",
                "thumbnails": {
                    "default": {
                        "url": "https://i.ytimg.com/vi/8jnVnW88tDE/default.jpg",
                        "width": 120,
                        "height": 90
                    },
                    "medium": {
                        "url": "https://i.ytimg.com/vi/8jnVnW88tDE/mqdefault.jpg",
                        "width": 320,
                        "height": 180
                    },
                    "high": {
                        "url": "https://i.ytimg.com/vi/8jnVnW88tDE/hqdefault.jpg",
                        "width": 480,
                        "height": 360
                    },
                    "standard": {
                        "url": "https://i.ytimg.com/vi/8jnVnW88tDE/sddefault.jpg",
                        "width": 640,
                        "height": 480
                    },
                    "maxres": {
                        "url": "https://i.ytimg.com/vi/8jnVnW88tDE/maxresdefault.jpg",
                        "width": 1280,
                        "height": 720
                    }
                },
                "channelTitle": "\u0b9a\u0bbe\u0baf\u0bcd 1 san",
                "categoryId": "22",
                "liveBroadcastContent": "none",
                "localized": {
                    "title": "Sai sruthi song 5",
                    "description": "Sai cuddalore district balavikas students singing\n#bhajan #saibhajan #\u0b9a\u0bbe\u0baf\u0bcd1san"
                },
                "viewCount": "127",
                "likeCount": "2",
                "dislikeCount": "0",
                "favoriteCount": "0",
                "commentCount": "1"
            },
            "OagPuGeBzLI": {
                "publishedAt": "2019-08-05T05:42:48Z",
                "title": "Sai sruthi song 4",
                "channelId": "UC7sKFm2DN0HcHWbSnEjYDsw",
                "description": "Sai cuddalore district balavikas students singing\n#bhajan #saibhajan #\u0b9a\u0bbe\u0baf\u0bcd1san",
                "thumbnails": {
                    "default": {
                        "url": "https://i.ytimg.com/vi/OagPuGeBzLI/default.jpg",
                        "width": 120,
                        "height": 90
                    },
                    "medium": {
                        "url": "https://i.ytimg.com/vi/OagPuGeBzLI/mqdefault.jpg",
                        "width": 320,
                        "height": 180
                    },
                    "high": {
                        "url": "https://i.ytimg.com/vi/OagPuGeBzLI/hqdefault.jpg",
                        "width": 480,
                        "height": 360
                    },
                    "standard": {
                        "url": "https://i.ytimg.com/vi/OagPuGeBzLI/sddefault.jpg",
                        "width": 640,
                        "height": 480
                    },
                    "maxres": {
                        "url": "https://i.ytimg.com/vi/OagPuGeBzLI/maxresdefault.jpg",
                        "width": 1280,
                        "height": 720
                    }
                },
                "channelTitle": "\u0b9a\u0bbe\u0baf\u0bcd 1 san",
                "categoryId": "22",
                "liveBroadcastContent": "none",
                "localized": {
                    "title": "Sai sruthi song 4",
                    "description": "Sai cuddalore district balavikas students singing\n#bhajan #saibhajan #\u0b9a\u0bbe\u0baf\u0bcd1san"
                },
                "viewCount": "137",
                "likeCount": "3",
                "dislikeCount": "0",
                "favoriteCount": "0",
                "commentCount": "1",
                "topicCategories": [
                    "https://en.wikipedia.org/wiki/Classical_music",
                    "https://en.wikipedia.org/wiki/Music",
                    "https://en.wikipedia.org/wiki/Music_of_Asia"
                ]
            },
            "l2rFRq9seBY": {
                "publishedAt": "2019-08-05T05:34:32Z",
                "title": "Sai sruthi song 3",
                "channelId": "UC7sKFm2DN0HcHWbSnEjYDsw",
                "description": "Sai cuddalore district balavikas students singing\n#bhajan #saibhajan #\u0b9a\u0bbe\u0baf\u0bcd1san",
                "thumbnails": {
                    "default": {
                        "url": "https://i.ytimg.com/vi/l2rFRq9seBY/default.jpg",
                        "width": 120,
                        "height": 90
                    },
                    "medium": {
                        "url": "https://i.ytimg.com/vi/l2rFRq9seBY/mqdefault.jpg",
                        "width": 320,
                        "height": 180
                    },
                    "high": {
                        "url": "https://i.ytimg.com/vi/l2rFRq9seBY/hqdefault.jpg",
                        "width": 480,
                        "height": 360
                    },
                    "standard": {
                        "url": "https://i.ytimg.com/vi/l2rFRq9seBY/sddefault.jpg",
                        "width": 640,
                        "height": 480
                    },
                    "maxres": {
                        "url": "https://i.ytimg.com/vi/l2rFRq9seBY/maxresdefault.jpg",
                        "width": 1280,
                        "height": 720
                    }
                },
                "channelTitle": "\u0b9a\u0bbe\u0baf\u0bcd 1 san",
                "categoryId": "22",
                "liveBroadcastContent": "none",
                "localized": {
                    "title": "Sai sruthi song 3",
                    "description": "Sai cuddalore district balavikas students singing\n#bhajan #saibhajan #\u0b9a\u0bbe\u0baf\u0bcd1san"
                },
                "duration": "PT5M11S",
                "dimension": "2d",
                "definition": "hd",
                "caption": "false",
                "licensedContent": false,
                "contentRating": {},
                "projection": "rectangular",
                "topicCategories": [
                    "https://en.wikipedia.org/wiki/Music",
                    "https://en.wikipedia.org/wiki/Music_of_Asia",
                    "https://en.wikipedia.org/wiki/Rock_music"
                ]
            },
            "IbH9c8tIbZs": {
                "publishedAt": "2019-08-05T05:24:00Z",
                "title": "Sai sruthi song 2",
                "channelId": "UC7sKFm2DN0HcHWbSnEjYDsw",
                "description": "Sai cuddalore district balavikas students singing\n#bhajan #saibhajan #\u0b9a\u0bbe\u0baf\u0bcd1san",
                "thumbnails": {
                    "default": {
                        "url": "https://i.ytimg.com/vi/IbH9c8tIbZs/default.jpg",
                        "width": 120,
                        "height": 90
                    },
                    "medium": {
                        "url": "https://i.ytimg.com/vi/IbH9c8tIbZs/mqdefault.jpg",
                        "width": 320,
                        "height": 180
                    },
                    "high": {
                        "url": "https://i.ytimg.com/vi/IbH9c8tIbZs/hqdefault.jpg",
                        "width": 480,
                        "height": 360
                    },
                    "standard": {
                        "url": "https://i.ytimg.com/vi/IbH9c8tIbZs/sddefault.jpg",
                        "width": 640,
                        "height": 480
                    },
                    "maxres": {
                        "url": "https://i.ytimg.com/vi/IbH9c8tIbZs/maxresdefault.jpg",
                        "width": 1280,
                        "height": 720
                    }
                },
                "channelTitle": "\u0b9a\u0bbe\u0baf\u0bcd 1 san",
                "categoryId": "22",
                "liveBroadcastContent": "none",
                "localized": {
                    "title": "Sai sruthi song 2",
                    "description": "Sai cuddalore district balavikas students singing\n#bhajan #saibhajan #\u0b9a\u0bbe\u0baf\u0bcd1san"
                },
                "viewCount": "172",
                "likeCount": "5",
                "dislikeCount": "0",
                "favoriteCount": "0",
                "commentCount": "1",
                "topicCategories": [
                    "https://en.wikipedia.org/wiki/Music",
                    "https://en.wikipedia.org/wiki/Music_of_Asia",
                    "https://en.wikipedia.org/wiki/Rock_music"
                ]
            },
            "Ik4oYdVcRuM": {
                "publishedAt": "2019-08-04T18:39:04Z",
                "title": "Ganesh\ud83d\udc18Song",
                "channelId": "UC7sKFm2DN0HcHWbSnEjYDsw",
                "description": "Sai Cuddalore district balavikas students singing\n#bhajan #saibhajan #\u0b9a\u0bbe\u0baf\u0bcd1san",
                "thumbnails": {
                    "default": {
                        "url": "https://i.ytimg.com/vi/Ik4oYdVcRuM/default.jpg",
                        "width": 120,
                        "height": 90
                    },
                    "medium": {
                        "url": "https://i.ytimg.com/vi/Ik4oYdVcRuM/mqdefault.jpg",
                        "width": 320,
                        "height": 180
                    },
                    "high": {
                        "url": "https://i.ytimg.com/vi/Ik4oYdVcRuM/hqdefault.jpg",
                        "width": 480,
                        "height": 360
                    },
                    "standard": {
                        "url": "https://i.ytimg.com/vi/Ik4oYdVcRuM/sddefault.jpg",
                        "width": 640,
                        "height": 480
                    }
                },
                "channelTitle": "\u0b9a\u0bbe\u0baf\u0bcd 1 san",
                "tags": [
                    "https://youtu.be/ZueoKiqBf1A"
                ],
                "categoryId": "22",
                "liveBroadcastContent": "none",
                "localized": {
                    "title": "Ganesh\ud83d\udc18Song",
                    "description": "Sai Cuddalore district balavikas students singing\n#bhajan #saibhajan #\u0b9a\u0bbe\u0baf\u0bcd1san"
                },
                "viewCount": "215",
                "likeCount": "8",
                "dislikeCount": "0",
                "favoriteCount": "0",
                "commentCount": "2",
                "duration": "PT8M18S",
                "dimension": "2d",
                "definition": "hd",
                "caption": "false",
                "licensedContent": false,
                "contentRating": {},
                "projection": "rectangular"
            },
            "1DyJaxbz5nY": {
                "publishedAt": "2019-07-10T07:45:24Z",
                "title": "Sai Cuddalore District",
                "channelId": "UC7sKFm2DN0HcHWbSnEjYDsw",
                "description": "Events of January - June 2019 Cuddalore District sai samithi's\n\n#bhajan #saibhajan #\u0b9a\u0bbe\u0baf\u0bcd1san",
                "thumbnails": {
                    "default": {
                        "url": "https://i.ytimg.com/vi/1DyJaxbz5nY/default.jpg",
                        "width": 120,
                        "height": 90
                    },
                    "medium": {
                        "url": "https://i.ytimg.com/vi/1DyJaxbz5nY/mqdefault.jpg",
                        "width": 320,
                        "height": 180
                    },
                    "high": {
                        "url": "https://i.ytimg.com/vi/1DyJaxbz5nY/hqdefault.jpg",
                        "width": 480,
                        "height": 360
                    }
                },
                "channelTitle": "\u0b9a\u0bbe\u0baf\u0bcd 1 san",
                "categoryId": "22",
                "liveBroadcastContent": "none",
                "localized": {
                    "title": "Sai Cuddalore District",
                    "description": "Events of January - June 2019 Cuddalore District sai samithi's\n\n#bhajan #saibhajan #\u0b9a\u0bbe\u0baf\u0bcd1san"
                },
                "viewCount": "157",
                "likeCount": "2",
                "dislikeCount": "0",
                "favoriteCount": "0",
                "commentCount": "1",
                "duration": "PT12M4S",
                "dimension": "2d",
                "definition": "hd",
                "caption": "false",
                "licensedContent": false,
                "contentRating": {},
                "projection": "rectangular",
                "topicCategories": [
                    "https://en.wikipedia.org/wiki/Music_of_Asia",
                    "https://en.wikipedia.org/wiki/Religion",
                    "https://en.wikipedia.org/wiki/Society"
                ]
            },
            "xnT_wr_zjAE": {
                "publishedAt": "2019-05-09T18:37:53Z",
                "title": "Eswaramma Day Celebration\ud83d\udc9a6th may 2019",
                "channelId": "UC7sKFm2DN0HcHWbSnEjYDsw",
                "description": "Cuddalore District SaiSamithi's\n\n#eswarammaday #may6th #cuddaloredistrict #saisamithi #\u0b9a\u0bbe\u0baf\u0bcd1san",
                "thumbnails": {
                    "default": {
                        "url": "https://i.ytimg.com/vi/xnT_wr_zjAE/default.jpg",
                        "width": 120,
                        "height": 90
                    },
                    "medium": {
                        "url": "https://i.ytimg.com/vi/xnT_wr_zjAE/mqdefault.jpg",
                        "width": 320,
                        "height": 180
                    },
                    "high": {
                        "url": "https://i.ytimg.com/vi/xnT_wr_zjAE/hqdefault.jpg",
                        "width": 480,
                        "height": 360
                    },
                    "standard": {
                        "url": "https://i.ytimg.com/vi/xnT_wr_zjAE/sddefault.jpg",
                        "width": 640,
                        "height": 480
                    },
                    "maxres": {
                        "url": "https://i.ytimg.com/vi/xnT_wr_zjAE/maxresdefault.jpg",
                        "width": 1280,
                        "height": 720
                    }
                },
                "channelTitle": "\u0b9a\u0bbe\u0baf\u0bcd 1 san",
                "tags": [
                    "https://youtu.be/G2MJMx_7pSI",
                    "https://youtu.be/FnXiCjyWGDA",
                    "https://youtu.be/k1v1Mr7OdHI"
                ],
                "categoryId": "22",
                "liveBroadcastContent": "none",
                "localized": {
                    "title": "Eswaramma Day Celebration\ud83d\udc9a6th may 2019",
                    "description": "Cuddalore District SaiSamithi's\n\n#eswarammaday #may6th #cuddaloredistrict #saisamithi #\u0b9a\u0bbe\u0baf\u0bcd1san"
                },
                "viewCount": "233",
                "likeCount": "3",
                "dislikeCount": "0",
                "favoriteCount": "0",
                "commentCount": "1",
                "topicCategories": [
                    "https://en.wikipedia.org/wiki/Music_of_Asia",
                    "https://en.wikipedia.org/wiki/Religion",
                    "https://en.wikipedia.org/wiki/Society"
                ]
            },
            "MgCtb77FAFM": {
                "publishedAt": "2019-04-19T01:22:24Z",
                "title": "SriRamanavami\ud83c\udf4b\ud83c\udf4e\ud83c\udf47Tamil NewYear",
                "channelId": "UC7sKFm2DN0HcHWbSnEjYDsw",
                "description": "Cuddalore SaiDevotees 2019\n#bhajan #saibhajan #\u0b9a\u0bbe\u0baf\u0bcd1san",
                "thumbnails": {
                    "default": {
                        "url": "https://i.ytimg.com/vi/MgCtb77FAFM/default.jpg",
                        "width": 120,
                        "height": 90
                    },
                    "medium": {
                        "url": "https://i.ytimg.com/vi/MgCtb77FAFM/mqdefault.jpg",
                        "width": 320,
                        "height": 180
                    },
                    "high": {
                        "url": "https://i.ytimg.com/vi/MgCtb77FAFM/hqdefault.jpg",
                        "width": 480,
                        "height": 360
                    },
                    "standard": {
                        "url": "https://i.ytimg.com/vi/MgCtb77FAFM/sddefault.jpg",
                        "width": 640,
                        "height": 480
                    },
                    "maxres": {
                        "url": "https://i.ytimg.com/vi/MgCtb77FAFM/maxresdefault.jpg",
                        "width": 1280,
                        "height": 720
                    }
                },
                "channelTitle": "\u0b9a\u0bbe\u0baf\u0bcd 1 san",
                "categoryId": "22",
                "liveBroadcastContent": "none",
                "localized": {
                    "title": "SriRamanavami\ud83c\udf4b\ud83c\udf4e\ud83c\udf47Tamil NewYear",
                    "description": "Cuddalore SaiDevotees 2019\n#bhajan #saibhajan #\u0b9a\u0bbe\u0baf\u0bcd1san"
                },
                "viewCount": "215",
                "likeCount": "2",
                "dislikeCount": "0",
                "favoriteCount": "0",
                "commentCount": "1",
                "duration": "PT2M46S",
                "dimension": "2d",
                "definition": "hd",
                "caption": "false",
                "licensedContent": false,
                "contentRating": {},
                "projection": "rectangular",
                "topicCategories": [
                    "https://en.wikipedia.org/wiki/Music",
                    "https://en.wikipedia.org/wiki/Music_of_Asia",
                    "https://en.wikipedia.org/wiki/Religion"
                ]
            },
            "W-OqEQZ7TIw": {
                "publishedAt": "2019-03-17T09:29:13Z",
                "title": "Sai Ulavarapani\ud83c\udf34\ud83c\udf41\ud83c\udf40",
                "viewCount": "221",
                "likeCount": "3",
                "dislikeCount": "0",
                "favoriteCount": "0",
                "commentCount": "1",
                "duration": "PT2M36S",
                "dimension": "2d",
                "definition": "hd",
                "caption": "false",
                "licensedContent": false,
                "contentRating": {},
                "projection": "rectangular",
                "topicCategories": [
                    "https://en.wikipedia.org/wiki/Music",
                    "https://en.wikipedia.org/wiki/Music_of_Asia"
                ]
            },
            "DPcWeYVyc_g": {
                "publishedAt": "2019-01-14T18:42:53Z",
                "title": "\ud83c\udf1f\ud83c\udf40SaiOne App New\ud83c\udf40\ud83c\udf1f",
                "channelId": "UC7sKFm2DN0HcHWbSnEjYDsw",
                "description": "Newly Updated SaiOne App\n\n#saione #onesai #oneworld #sathyasai #\u0b9a\u0bbe\u0baf\u0bcd1san",
                "thumbnails": {
                    "default": {
                        "url": "https://i.ytimg.com/vi/DPcWeYVyc_g/default.jpg",
                        "width": 120,
                        "height": 90
                    },
                    "medium": {
                        "url": "https://i.ytimg.com/vi/DPcWeYVyc_g/mqdefault.jpg",
                        "width": 320,
                        "height": 180
                    },
                    "high": {
                        "url": "https://i.ytimg.com/vi/DPcWeYVyc_g/hqdefault.jpg",
                        "width": 480,
                        "height": 360
                    }
                },
                "channelTitle": "\u0b9a\u0bbe\u0baf\u0bcd 1 san",
                "tags": [
                    "https://www.youtube.com/c/sathyasaiodisha",
                    "https://www.youtube.com/c/saijanani",
                    "https://www.youtube.com/channel/UCVTmpP-zztky_3o193oZg4w"
                ],
                "categoryId": "22",
                "liveBroadcastContent": "none",
                "localized": {
                    "title": "\ud83c\udf1f\ud83c\udf40SaiOne App New\ud83c\udf40\ud83c\udf1f",
                    "description": "Newly Updated SaiOne App\n\n#saione #onesai #oneworld #sathyasai #\u0b9a\u0bbe\u0baf\u0bcd1san"
                },
                "viewCount": "568",
                "likeCount": "7",
                "dislikeCount": "0",
                "favoriteCount": "0",
                "commentCount": "1",
                "duration": "PT2M6S",
                "dimension": "2d",
                "definition": "hd",
                "caption": "false",
                "licensedContent": false,
                "contentRating": {},
                "projection": "rectangular"
            },
            "2ETcIPZKR9o": {
                "publishedAt": "2018-03-01T08:07:40Z",
                "title": "Sadhana Camp 25.2.2018 Images",
                "channelId": "UC7sKFm2DN0HcHWbSnEjYDsw",
                "description": "Cuddalore District Sai Samithi's\n\n#sadhanacamp #\u0b9a\u0bbe\u0baf\u0bcd1san",
                "thumbnails": {
                    "default": {
                        "url": "https://i.ytimg.com/vi/2ETcIPZKR9o/default.jpg",
                        "width": 120,
                        "height": 90
                    },
                    "medium": {
                        "url": "https://i.ytimg.com/vi/2ETcIPZKR9o/mqdefault.jpg",
                        "width": 320,
                        "height": 180
                    },
                    "high": {
                        "url": "https://i.ytimg.com/vi/2ETcIPZKR9o/hqdefault.jpg",
                        "width": 480,
                        "height": 360
                    },
                    "standard": {
                        "url": "https://i.ytimg.com/vi/2ETcIPZKR9o/sddefault.jpg",
                        "width": 640,
                        "height": 480
                    },
                    "maxres": {
                        "url": "https://i.ytimg.com/vi/2ETcIPZKR9o/maxresdefault.jpg",
                        "width": 1280,
                        "height": 720
                    }
                },
                "channelTitle": "\u0b9a\u0bbe\u0baf\u0bcd 1 san",
                "categoryId": "22",
                "liveBroadcastContent": "none",
                "localized": {
                    "title": "Sadhana Camp 25.2.2018 Images",
                    "description": "Cuddalore District Sai Samithi's\n\n#sadhanacamp #\u0b9a\u0bbe\u0baf\u0bcd1san"
                },
                "viewCount": "204",
                "likeCount": "7",
                "dislikeCount": "0",
                "favoriteCount": "0",
                "commentCount": "1"
            },
            "jR4EkeQyFnM": {
                "publishedAt": "2018-01-28T15:11:14Z",
                "title": "Nandanar Songs\ud83c\udf4b4",
                "duration": "PT8M40S",
                "dimension": "2d",
                "definition": "hd",
                "caption": "false",
                "licensedContent": false,
                "contentRating": {},
                "projection": "rectangular"
            },
            "7sfqraYZgb8": {
                "publishedAt": "2018-01-28T14:47:23Z",
                "title": "Nandanar Songs\ud83c\udf533",
                "channelId": "UC7sKFm2DN0HcHWbSnEjYDsw",
                "description": "Balvikas Students of Cuddalore District\n\n#bhajan #saibhajan #sathyasai #\u0b9a\u0bbe\u0baf\u0bcd1san",
                "thumbnails": {
                    "default": {
                        "url": "https://i.ytimg.com/vi/7sfqraYZgb8/default.jpg",
                        "width": 120,
                        "height": 90
                    },
                    "medium": {
                        "url": "https://i.ytimg.com/vi/7sfqraYZgb8/mqdefault.jpg",
                        "width": 320,
                        "height": 180
                    },
                    "high": {
                        "url": "https://i.ytimg.com/vi/7sfqraYZgb8/hqdefault.jpg",
                        "width": 480,
                        "height": 360
                    },
                    "standard": {
                        "url": "https://i.ytimg.com/vi/7sfqraYZgb8/sddefault.jpg",
                        "width": 640,
                        "height": 480
                    },
                    "maxres": {
                        "url": "https://i.ytimg.com/vi/7sfqraYZgb8/maxresdefault.jpg",
                        "width": 1280,
                        "height": 720
                    }
                },
                "channelTitle": "\u0b9a\u0bbe\u0baf\u0bcd 1 san",
                "categoryId": "22",
                "liveBroadcastContent": "none",
                "localized": {
                    "title": "Nandanar Songs\ud83c\udf533",
                    "description": "Balvikas Students of Cuddalore District\n\n#bhajan #saibhajan #sathyasai #\u0b9a\u0bbe\u0baf\u0bcd1san"
                },
                "viewCount": "208",
                "likeCount": "4",
                "dislikeCount": "0",
                "favoriteCount": "0",
                "commentCount": "1"
            },
            "5Jd1RyTNZWY": {
                "publishedAt": "2018-01-28T14:14:54Z",
                "title": "Nandanar Songs\ud83c\udf472",
                "duration": "PT3M24S",
                "dimension": "2d",
                "definition": "hd",
                "caption": "false",
                "licensedContent": false,
                "contentRating": {},
                "projection": "rectangular",
                "topicCategories": [
                    "https://en.wikipedia.org/wiki/Music",
                    "https://en.wikipedia.org/wiki/Music_of_Asia"
                ]
            },
            "Vh35uazNOxk": {
                "publishedAt": "2018-01-28T13:57:17Z",
                "title": "Nandanar Songs\ud83c\udf4e1"
            },
            "lTBOZ1e-39o": {
                "publishedAt": "2018-01-28T12:39:29Z",
                "title": "Life of Nandanar program",
                "channelId": "UC7sKFm2DN0HcHWbSnEjYDsw",
                "description": "Balvikas Students of Cuddalore District 28.1.2018 at Koothapakkam SaiSamithi by our Neyveli SaiSamithi BV Students\n\n#bhajan #saibhajan #sathyasai #\u0b9a\u0bbe\u0baf\u0bcd1san",
                "thumbnails": {
                    "default": {
                        "url": "https://i.ytimg.com/vi/lTBOZ1e-39o/default.jpg",
                        "width": 120,
                        "height": 90
                    },
                    "medium": {
                        "url": "https://i.ytimg.com/vi/lTBOZ1e-39o/mqdefault.jpg",
                        "width": 320,
                        "height": 180
                    },
                    "high": {
                        "url": "https://i.ytimg.com/vi/lTBOZ1e-39o/hqdefault.jpg",
                        "width": 480,
                        "height": 360
                    }
                },
                "channelTitle": "\u0b9a\u0bbe\u0baf\u0bcd 1 san",
                "categoryId": "22",
                "liveBroadcastContent": "none",
                "localized": {
                    "title": "Life of Nandanar program",
                    "description": "Balvikas Students of Cuddalore District 28.1.2018 at Koothapakkam SaiSamithi by our Neyveli SaiSamithi BV Students\n\n#bhajan #saibhajan #sathyasai #\u0b9a\u0bbe\u0baf\u0bcd1san"
                },
                "topicCategories": [
                    "https://en.wikipedia.org/wiki/Society"
                ]
            },
            "6x8VgaC89D4": {
                "publishedAt": "2018-01-26T07:26:12Z",
                "title": "Housebhajan paalor images",
                "viewCount": "113",
                "likeCount": "1",
                "dislikeCount": "0",
                "favoriteCount": "0",
                "commentCount": "1"
            },
            "Ab1Xgk14v58": {
                "publishedAt": "2018-01-05T07:49:04Z",
                "title": "\ud83c\udf3eSai Antharyami\ud83c\udf41",
                "topicCategories": [
                    "https://en.wikipedia.org/wiki/Music",
                    "https://en.wikipedia.org/wiki/Music_of_Asia",
                    "https://en.wikipedia.org/wiki/Religion"
                ]
            },
            "P4SgrX55xt4": {
                "publishedAt": "2018-01-01T05:46:18Z",
                "title": "Sai NewYear 2018",
                "viewCount": "139",
                "likeCount": "2",
                "dislikeCount": "0",
                "favoriteCount": "0",
                "commentCount": "1"
            },
            "_K6zPkv49ZA": {
                "publishedAt": "2017-12-30T01:43:25Z",
                "title": "Sai 2018",
                "duration": "PT4M26S",
                "dimension": "2d",
                "definition": "hd",
                "caption": "false",
                "licensedContent": false,
                "contentRating": {},
                "projection": "rectangular"
            },
            "R_8L9_DSNXU": {
                "publishedAt": "2017-12-28T10:28:36Z",
                "title": "SaiSapthagam (1-7) Images"
            },
            "INxwtIMfcIY": {
                "publishedAt": "2017-12-27T18:33:55Z",
                "title": "Spreads Positive Energy through Mantra"
            },
            "-fQ_gDuSoME": {
                "publishedAt": "2017-12-27T17:54:11Z",
                "title": "SeethaRaama Kalyanam Seervarisei"
            },
            "CbdiHYiJoyE": {
                "publishedAt": "2017-12-24T18:18:34Z",
                "title": "Hanuman Song\ud83c\udf3a3"
            },
            "o0YgYpeq81g": {
                "publishedAt": "2017-12-24T18:12:50Z",
                "title": "Hanuman Song\ud83c\udf3a2"
            },
            "6kulaB63UIo": {
                "publishedAt": "2017-12-24T18:05:16Z",
                "title": "Hanuman Song\ud83c\udf3a1"
            },
            "YUfdn0-DpM8": {
                "publishedAt": "2017-12-24T17:37:50Z",
                "title": "SAISHIVAM"
            }
        }
    }
}