{
    "UC1MATQLj71490VL7akVgXbg": {
        "channel_statistics": {
            "viewCount": "1814",
            "subscriberCount": "74",
            "hiddenSubscriberCount": false,
            "videoCount": "4"
        },
        "video_data": {
            "oNEMqpkYhd8": {
                "publishedAt": "2021-07-29T16:30:11Z",
                "title": "Sri Sathya Sai International Organisation of South Africa | Weekly Devotional Bhajans | 29 07 21",
                "channelId": "UC1MATQLj71490VL7akVgXbg",
                "description": "Bhajan is the process of singing your prayers to God, praising His glory and compassion, and pleading that He may fill you with His Grace. \n\n- Sri Sathya Sai Speaks, Vol 11 (1971 - 72) /  Ch 37",
                "thumbnails": {
                    "default": {
                        "url": "https://i.ytimg.com/vi/oNEMqpkYhd8/default.jpg",
                        "width": 120,
                        "height": 90
                    },
                    "medium": {
                        "url": "https://i.ytimg.com/vi/oNEMqpkYhd8/mqdefault.jpg",
                        "width": 320,
                        "height": 180
                    },
                    "high": {
                        "url": "https://i.ytimg.com/vi/oNEMqpkYhd8/hqdefault.jpg",
                        "width": 480,
                        "height": 360
                    }
                },
                "channelTitle": "Sri Sathya Sai International Organisation SA",
                "categoryId": "10",
                "liveBroadcastContent": "none",
                "localized": {
                    "title": "Sri Sathya Sai International Organisation of South Africa | Weekly Devotional Bhajans | 29 07 21",
                    "description": "Bhajan is the process of singing your prayers to God, praising His glory and compassion, and pleading that He may fill you with His Grace. \n\n- Sri Sathya Sai Speaks, Vol 11 (1971 - 72) /  Ch 37"
                },
                "viewCount": "619",
                "likeCount": "14",
                "dislikeCount": "2",
                "favoriteCount": "0",
                "commentCount": "0",
                "duration": "PT1H14M45S",
                "dimension": "2d",
                "definition": "hd",
                "caption": "false",
                "licensedContent": false,
                "contentRating": {},
                "projection": "rectangular",
                "topicCategories": [
                    "https://en.wikipedia.org/wiki/Music",
                    "https://en.wikipedia.org/wiki/Music_of_Asia"
                ]
            },
            "5k9Qts8md8Y": {
                "publishedAt": "2021-07-24T03:45:26Z",
                "title": "Guru Poornima Celebrations | SSSIO South Africa",
                "channelId": "UC1MATQLj71490VL7akVgXbg",
                "description": "\ud835\ude42\ud835\ude6a\ud835\ude67\ud835\ude6a \ud835\ude4b\ud835\ude64\ud835\ude64\ud835\ude67\ud835\ude63\ud835\ude5e\ud835\ude62\ud835\ude56 \ud835\ude3e\ud835\ude5a\ud835\ude61\ud835\ude5a\ud835\ude57\ud835\ude67\ud835\ude56\ud835\ude69\ud835\ude5e\ud835\ude64\ud835\ude63\ud835\ude68 \ud83c\udf15\u2764\ufe0f \n\n\ud835\udc06\ud835\udc2e\ud835\udc2b\ud835\udc2e \ud835\udc26\ud835\udc1e\ud835\udc1a\ud835\udc27\ud835\udc2c \ud835\udc28\ud835\udc27\ud835\udc1e \ud835\udc30\ud835\udc21\ud835\udc28 \ud835\udc1d\ud835\udc22\ud835\udc2c\ud835\udc29\ud835\udc1e\ud835\udc25\ud835\udc2c \ud835\udc1d\ud835\udc1a\ud835\udc2b\ud835\udc24\ud835\udc27\ud835\udc1e\ud835\udc2c\ud835\udc2c. Guru Poornima is the day on which one celebrates the dispersal of the darkness of ignorance from the mind.\u2728\n\nSri Sathya Sai Speaks V27:Ch21, Divine Discourse July 22, 1994\n\nJoin the Sri Sathya Sai International Organisation South Africa for the Online Guru Poornima Celebrations. Let us bask in the glory of our Dearest Guru with soul-stirring bhajans and vibrant chants.\n\n#SSSIO #Zone9A #SSSIOSA #GuruPoornima #Guru",
                "thumbnails": {
                    "default": {
                        "url": "https://i.ytimg.com/vi/5k9Qts8md8Y/default.jpg",
                        "width": 120,
                        "height": 90
                    },
                    "medium": {
                        "url": "https://i.ytimg.com/vi/5k9Qts8md8Y/mqdefault.jpg",
                        "width": 320,
                        "height": 180
                    },
                    "high": {
                        "url": "https://i.ytimg.com/vi/5k9Qts8md8Y/hqdefault.jpg",
                        "width": 480,
                        "height": 360
                    },
                    "standard": {
                        "url": "https://i.ytimg.com/vi/5k9Qts8md8Y/sddefault.jpg",
                        "width": 640,
                        "height": 480
                    },
                    "maxres": {
                        "url": "https://i.ytimg.com/vi/5k9Qts8md8Y/maxresdefault.jpg",
                        "width": 1280,
                        "height": 720
                    }
                },
                "channelTitle": "Sri Sathya Sai International Organisation SA",
                "categoryId": "10",
                "liveBroadcastContent": "none",
                "localized": {
                    "title": "Guru Poornima Celebrations | SSSIO South Africa",
                    "description": "\ud835\ude42\ud835\ude6a\ud835\ude67\ud835\ude6a \ud835\ude4b\ud835\ude64\ud835\ude64\ud835\ude67\ud835\ude63\ud835\ude5e\ud835\ude62\ud835\ude56 \ud835\ude3e\ud835\ude5a\ud835\ude61\ud835\ude5a\ud835\ude57\ud835\ude67\ud835\ude56\ud835\ude69\ud835\ude5e\ud835\ude64\ud835\ude63\ud835\ude68 \ud83c\udf15\u2764\ufe0f \n\n\ud835\udc06\ud835\udc2e\ud835\udc2b\ud835\udc2e \ud835\udc26\ud835\udc1e\ud835\udc1a\ud835\udc27\ud835\udc2c \ud835\udc28\ud835\udc27\ud835\udc1e \ud835\udc30\ud835\udc21\ud835\udc28 \ud835\udc1d\ud835\udc22\ud835\udc2c\ud835\udc29\ud835\udc1e\ud835\udc25\ud835\udc2c \ud835\udc1d\ud835\udc1a\ud835\udc2b\ud835\udc24\ud835\udc27\ud835\udc1e\ud835\udc2c\ud835\udc2c. Guru Poornima is the day on which one celebrates the dispersal of the darkness of ignorance from the mind.\u2728\n\nSri Sathya Sai Speaks V27:Ch21, Divine Discourse July 22, 1994\n\nJoin the Sri Sathya Sai International Organisation South Africa for the Online Guru Poornima Celebrations. Let us bask in the glory of our Dearest Guru with soul-stirring bhajans and vibrant chants.\n\n#SSSIO #Zone9A #SSSIOSA #GuruPoornima #Guru"
                },
                "viewCount": "235",
                "likeCount": "16",
                "dislikeCount": "0",
                "favoriteCount": "0",
                "commentCount": "0",
                "duration": "PT1H24M43S",
                "dimension": "2d",
                "definition": "hd",
                "caption": "false",
                "licensedContent": false,
                "contentRating": {},
                "projection": "rectangular",
                "topicCategories": [
                    "https://en.wikipedia.org/wiki/Music",
                    "https://en.wikipedia.org/wiki/Music_of_Asia",
                    "https://en.wikipedia.org/wiki/Religion"
                ]
            },
            "aDZqnKdDsQM": {
                "publishedAt": "2021-07-22T18:15:52Z",
                "title": "Sri Sathya Sai International Organisation South Africa | Offering to Sri Sathya Sai Baba",
                "channelId": "UC1MATQLj71490VL7akVgXbg",
                "description": "\ud83d\udce3\ud83d\udce3 Sri Sathya Sai International Organisation | South Africa\ud83d\udce3\ud83d\udce3\n\nWith the grace and blessings of Bhagawan Sri Sathya Sai Baba, we are happy to announce as a prelude to Guru Poornima, the launch of our Social Media Platforms and YouTube Channel. \n\nYouTube: https://youtube.com/channel/UC1MATQLj71490VL7akVgXbg\n\nInstagram: https://instagram.com/srisathyasaisouthafrica?utm_medium=copy_link\n\nFacebook: https://m.facebook.com/srisathyasaisouthafrica#_=_\n\nPlease \ud835\uddf3\ud835\uddfc\ud835\uddf9\ud835\uddf9\ud835\uddfc\ud835\ude04, \ud835\uddf9\ud835\uddf6\ud835\uddf8\ud835\uddf2, \ud835\ude00\ud835\ude02\ud835\uddef\ud835\ude00\ud835\uddf0\ud835\uddff\ud835\uddf6\ud835\uddef\ud835\uddf2 \ud835\uddee\ud835\uddfb\ud835\uddf1 \ud835\uddf0\ud835\uddf9\ud835\uddf6\ud835\uddf0\ud835\uddf8 \ud835\uddfc\ud835\uddfb \ud835\ude01\ud835\uddf5\ud835\uddf2 \ud835\uddef\ud835\uddf2\ud835\uddf9\ud835\uddf9 \ud835\uddf6\ud835\uddf0\ud835\uddfc\ud835\uddfb \ud83d\udd14 for more exciting content. We look forward to connecting with you! \u2764\ufe0f\n\n#SouthAfrica #SSSIO #Zone9A #SSSIOSA #SriSathyaSai",
                "thumbnails": {
                    "default": {
                        "url": "https://i.ytimg.com/vi/aDZqnKdDsQM/default.jpg",
                        "width": 120,
                        "height": 90
                    },
                    "medium": {
                        "url": "https://i.ytimg.com/vi/aDZqnKdDsQM/mqdefault.jpg",
                        "width": 320,
                        "height": 180
                    },
                    "high": {
                        "url": "https://i.ytimg.com/vi/aDZqnKdDsQM/hqdefault.jpg",
                        "width": 480,
                        "height": 360
                    },
                    "standard": {
                        "url": "https://i.ytimg.com/vi/aDZqnKdDsQM/sddefault.jpg",
                        "width": 640,
                        "height": 480
                    },
                    "maxres": {
                        "url": "https://i.ytimg.com/vi/aDZqnKdDsQM/maxresdefault.jpg",
                        "width": 1280,
                        "height": 720
                    }
                },
                "channelTitle": "Sri Sathya Sai International Organisation SA",
                "categoryId": "10",
                "liveBroadcastContent": "none",
                "localized": {
                    "title": "Sri Sathya Sai International Organisation South Africa | Offering to Sri Sathya Sai Baba",
                    "description": "\ud83d\udce3\ud83d\udce3 Sri Sathya Sai International Organisation | South Africa\ud83d\udce3\ud83d\udce3\n\nWith the grace and blessings of Bhagawan Sri Sathya Sai Baba, we are happy to announce as a prelude to Guru Poornima, the launch of our Social Media Platforms and YouTube Channel. \n\nYouTube: https://youtube.com/channel/UC1MATQLj71490VL7akVgXbg\n\nInstagram: https://instagram.com/srisathyasaisouthafrica?utm_medium=copy_link\n\nFacebook: https://m.facebook.com/srisathyasaisouthafrica#_=_\n\nPlease \ud835\uddf3\ud835\uddfc\ud835\uddf9\ud835\uddf9\ud835\uddfc\ud835\ude04, \ud835\uddf9\ud835\uddf6\ud835\uddf8\ud835\uddf2, \ud835\ude00\ud835\ude02\ud835\uddef\ud835\ude00\ud835\uddf0\ud835\uddff\ud835\uddf6\ud835\uddef\ud835\uddf2 \ud835\uddee\ud835\uddfb\ud835\uddf1 \ud835\uddf0\ud835\uddf9\ud835\uddf6\ud835\uddf0\ud835\uddf8 \ud835\uddfc\ud835\uddfb \ud835\ude01\ud835\uddf5\ud835\uddf2 \ud835\uddef\ud835\uddf2\ud835\uddf9\ud835\uddf9 \ud835\uddf6\ud835\uddf0\ud835\uddfc\ud835\uddfb \ud83d\udd14 for more exciting content. We look forward to connecting with you! \u2764\ufe0f\n\n#SouthAfrica #SSSIO #Zone9A #SSSIOSA #SriSathyaSai"
                },
                "viewCount": "47",
                "likeCount": "7",
                "dislikeCount": "0",
                "favoriteCount": "0",
                "commentCount": "0",
                "duration": "PT2M3S",
                "dimension": "2d",
                "definition": "hd",
                "caption": "false",
                "licensedContent": false,
                "contentRating": {},
                "projection": "rectangular",
                "topicCategories": [
                    "https://en.wikipedia.org/wiki/Music_of_Asia",
                    "https://en.wikipedia.org/wiki/Society"
                ]
            }
        }
    }
}